<?xml version="1.0" encoding="UTF-8"?>
<fmiModelDescription
  fmiVersion="2.0"
  modelName="T2"
  guid="{a7a3f9b3-0d1b-4dc7-8b8b-7a5cdaf582f8}"
  description="Model of a hydropower system with a simple turbine turbine"
  generationTool="OpenModelica Compiler OpenModelica v1.20.0 (64-bit)"
  generationDateAndTime="2023-04-26T12:44:41Z"
  variableNamingConvention="structured"
  numberOfEventIndicators="0">
  <CoSimulation
    modelIdentifier="T2"
    needsExecutionTool="false"
    canHandleVariableCommunicationStepSize="true"
    canInterpolateInputs="true"
    maxOutputDerivativeOrder="1"
    canRunAsynchronuously = "false"
    canBeInstantiatedOnlyOncePerProcess="false"
    canNotUseMemoryManagementFunctions="false"
    canGetAndSetFMUstate="false"
    canSerializeFMUstate="false"
    providesDirectionalDerivative="false">
    <SourceFiles>
      <File name="T2.c" />
      <File name="T2_functions.c" />
      <File name="T2_records.c" />
      <File name="T2_01exo.c" />
      <File name="T2_02nls.c" />
      <File name="T2_03lsy.c" />
      <File name="T2_04set.c" />
      <File name="T2_05evt.c" />
      <File name="T2_06inz.c" />
      <File name="T2_07dly.c" />
      <File name="T2_08bnd.c" />
      <File name="T2_09alg.c" />
      <File name="T2_10asr.c" />
      <File name="T2_11mix.c" />
      <File name="T2_12jac.c" />
      <File name="T2_13opt.c" />
      <File name="T2_14lnz.c" />
      <File name="T2_15syn.c" />
      <File name="T2_16dae.c" />
      <File name="T2_17inl.c" />
      <File name="T2_18spd.c" />
      <File name="T2_init_fmu.c" />
      <File name="T2_FMU.c" />
      <File name="./gc/memory_pool.c" />
      <File name="./gc/omc_gc.c" />
      <File name="./util/base_array.c" />
      <File name="./util/boolean_array.c" />
      <File name="./util/context.c" />
      <File name="./util/division.c" />
      <File name="./util/doubleEndedList.c" />
      <File name="./util/generic_array.c" />
      <File name="./util/index_spec.c" />
      <File name="./util/integer_array.c" />
      <File name="./util/jacobian_util.c" />
      <File name="./util/list.c" />
      <File name="./util/modelica_string_lit.c" />
      <File name="./util/modelica_string.c" />
      <File name="./util/ModelicaUtilities.c" />
      <File name="./util/omc_error.c" />
      <File name="./util/omc_file.c" />
      <File name="./util/omc_init.c" />
      <File name="./util/omc_mmap.c" />
      <File name="./util/omc_msvc.c" />
      <File name="./util/omc_numbers.c" />
      <File name="./util/parallel_helper.c" />
      <File name="./util/rational.c" />
      <File name="./util/real_array.c" />
      <File name="./util/ringbuffer.c" />
      <File name="./util/simulation_options.c" />
      <File name="./util/string_array.c" />
      <File name="./util/utility.c" />
      <File name="./util/varinfo.c" />
      <File name="./math-support/pivot.c" />
      <File name="./simulation/omc_simulation_util.c" />
      <File name="./simulation/options.c" />
      <File name="./simulation/simulation_info_json.c" />
      <File name="./simulation/simulation_omc_assert.c" />
      <File name="./simulation/solver/delay.c" />
      <File name="./simulation/solver/fmi_events.c" />
      <File name="./simulation/solver/model_help.c" />
      <File name="./simulation/solver/omc_math.c" />
      <File name="./simulation/solver/spatialDistribution.c" />
      <File name="./simulation/solver/stateset.c" />
      <File name="./simulation/solver/synchronous.c" />
      <File name="./simulation/solver/initialization/initialization.c" />
      <File name="./meta/meta_modelica_catch.c" />
    </SourceFiles>
  </CoSimulation>
  <UnitDefinitions>
    <Unit name="rad">
      <BaseUnit />
    </Unit>
    <Unit name="kg/m3">
      <BaseUnit m="-3" kg="1" />
    </Unit>
    <Unit name="Pa.s">
      <BaseUnit m="-1" s="-1" kg="1" />
    </Unit>
    <Unit name="m/s2">
      <BaseUnit m="1" s="-2" />
    </Unit>
    <Unit name="Hz">
      <BaseUnit s="-1" />
    </Unit>
    <Unit name="J/(kg.K)">
      <BaseUnit m="2" s="-2" K="-1" />
    </Unit>
    <Unit name="1/Pa">
      <BaseUnit m="1" s="2" kg="-1" />
    </Unit>
    <Unit name="K">
      <BaseUnit K="1" />
    </Unit>
    <Unit name="kg/mol">
      <BaseUnit mol="-1" kg="1" />
    </Unit>
    <Unit name="m/s">
      <BaseUnit m="1" s="-1" />
    </Unit>
    <Unit name="kg/s">
      <BaseUnit s="-1" kg="1" />
    </Unit>
    <Unit name="kg">
      <BaseUnit kg="1" />
    </Unit>
    <Unit name="Pa">
      <BaseUnit m="-1" s="-2" kg="1" />
    </Unit>
    <Unit name="m3/s">
      <BaseUnit m="3" s="-1" />
    </Unit>
    <Unit name="m">
      <BaseUnit m="1" />
    </Unit>
    <Unit name="m2">
      <BaseUnit m="2" />
    </Unit>
    <Unit name="N">
      <BaseUnit m="1" s="-2" kg="1" />
    </Unit>
    <Unit name="kg.m/s">
      <BaseUnit m="1" s="-1" kg="1" />
    </Unit>
  </UnitDefinitions>
  <LogCategories>
    <Category name="logEvents" />
    <Category name="logSingularLinearSystems" />
    <Category name="logNonlinearSystems" />
    <Category name="logDynamicStateSelection" />
    <Category name="logStatusWarning" />
    <Category name="logStatusDiscard" />
    <Category name="logStatusError" />
    <Category name="logStatusFatal" />
    <Category name="logStatusPending" />
    <Category name="logAll" />
    <Category name="logFmi2Call" />
  </LogCategories>
  <DefaultExperiment startTime="0.0" stopTime="100.0" tolerance="1e-06"/>
  <ModelVariables>
  <!-- Index of variable = "1" -->
  <ScalarVariable
    name="intake.M"
    valueReference="0"
    description="Water momentum"
    >
    <Real unit="kg.m/s"/>
  </ScalarVariable>
  <!-- Index of variable = "2" -->
  <ScalarVariable
    name="der(intake.M)"
    valueReference="1"
    description="der(Water momentum)"
    >
    <Real derivative="1" unit="N"/>
  </ScalarVariable>
  <!-- Index of variable = "3" -->
  <ScalarVariable
    name="intake.A_"
    valueReference="2"
    description="Average cross section area"
    >
    <Real unit="m2"/>
  </ScalarVariable>
  <!-- Index of variable = "4" -->
  <ScalarVariable
    name="intake.A_i"
    valueReference="3"
    description="Inlet cross section area"
    >
    <Real unit="m2"/>
  </ScalarVariable>
  <!-- Index of variable = "5" -->
  <ScalarVariable
    name="intake.A_o"
    valueReference="4"
    description="Outlet cross section area"
    >
    <Real unit="m2"/>
  </ScalarVariable>
  <!-- Index of variable = "6" -->
  <ScalarVariable
    name="intake.D_"
    valueReference="5"
    description="Average diameter"
    >
    <Real min="0.0" unit="m"/>
  </ScalarVariable>
  <!-- Index of variable = "7" -->
  <ScalarVariable
    name="intake.F_f"
    valueReference="6"
    description="Friction force"
    >
    <Real unit="N"/>
  </ScalarVariable>
  <!-- Index of variable = "8" -->
  <ScalarVariable
    name="intake.Vdot"
    valueReference="7"
    description="Volume flow rate"
    >
    <Real unit="m3/s"/>
  </ScalarVariable>
  <!-- Index of variable = "9" -->
  <ScalarVariable
    name="intake.cos_theta"
    valueReference="8"
    description="slope ratio"
    >
    <Real/>
  </ScalarVariable>
  <!-- Index of variable = "10" -->
  <ScalarVariable
    name="intake.dp"
    valueReference="9"
    description="Pressure difference across the pipe"
    >
    <Real unit="Pa"/>
  </ScalarVariable>
  <!-- Index of variable = "11" -->
  <ScalarVariable
    name="intake.m"
    valueReference="10"
    description="water mass"
    >
    <Real min="0.0" unit="kg"/>
  </ScalarVariable>
  <!-- Index of variable = "12" -->
  <ScalarVariable
    name="intake.mdot"
    valueReference="11"
    description="Mass flow rate"
    >
    <Real unit="kg/s"/>
  </ScalarVariable>
  <!-- Index of variable = "13" -->
  <ScalarVariable
    name="intake.p_i"
    valueReference="12"
    description="Inlet pressure"
    >
    <Real unit="Pa"/>
  </ScalarVariable>
  <!-- Index of variable = "14" -->
  <ScalarVariable
    name="intake.p_o"
    valueReference="13"
    description="Outlet pressure"
    >
    <Real unit="Pa"/>
  </ScalarVariable>
  <!-- Index of variable = "15" -->
  <ScalarVariable
    name="intake.v"
    valueReference="14"
    description="Water velocity"
    >
    <Real unit="m/s"/>
  </ScalarVariable>
  <!-- Index of variable = "16" -->
  <ScalarVariable
    name="reservoir.A"
    valueReference="15"
    description="Vertical cross section"
    >
    <Real unit="m2"/>
  </ScalarVariable>
  <!-- Index of variable = "17" -->
  <ScalarVariable
    name="reservoir.F_f"
    valueReference="16"
    description="Friction force"
    >
    <Real unit="N"/>
  </ScalarVariable>
  <!-- Index of variable = "18" -->
  <ScalarVariable
    name="reservoir.M"
    valueReference="17"
    description="Water momentum"
    initial="exact">
    <Real start="0.0" unit="kg.m/s"/>
  </ScalarVariable>
  <!-- Index of variable = "19" -->
  <ScalarVariable
    name="reservoir.Vdot"
    valueReference="18"
    description="Flow rate through the reservoir"
    initial="exact">
    <Real start="0.0" unit="m3/s"/>
  </ScalarVariable>
  <!-- Index of variable = "20" -->
  <ScalarVariable
    name="reservoir.Vdot_i"
    valueReference="19"
    description="Inlet flow rate"
    >
    <Real unit="m3/s"/>
  </ScalarVariable>
  <!-- Index of variable = "21" -->
  <ScalarVariable
    name="reservoir.m"
    valueReference="20"
    description="Water mass"
    >
    <Real min="0.0" unit="kg"/>
  </ScalarVariable>
  <!-- Index of variable = "22" -->
  <ScalarVariable
    name="reservoir.mdot"
    valueReference="21"
    description="Water mass flow rate"
    initial="exact">
    <Real start="0.0" unit="kg/s"/>
  </ScalarVariable>
  <!-- Index of variable = "23" -->
  <ScalarVariable
    name="reservoir.v"
    valueReference="22"
    description="Water velocity"
    initial="exact">
    <Real start="0.0" unit="m/s"/>
  </ScalarVariable>
  <!-- Index of variable = "24" -->
  <ScalarVariable
    name="tail.A"
    valueReference="23"
    description="Vertical cross section"
    >
    <Real unit="m2"/>
  </ScalarVariable>
  <!-- Index of variable = "25" -->
  <ScalarVariable
    name="tail.F_f"
    valueReference="24"
    description="Friction force"
    >
    <Real unit="N"/>
  </ScalarVariable>
  <!-- Index of variable = "26" -->
  <ScalarVariable
    name="tail.M"
    valueReference="25"
    description="Water momentum"
    initial="exact">
    <Real start="0.0" unit="kg.m/s"/>
  </ScalarVariable>
  <!-- Index of variable = "27" -->
  <ScalarVariable
    name="tail.Vdot"
    valueReference="26"
    description="Flow rate through the reservoir"
    initial="exact">
    <Real start="0.0" unit="m3/s"/>
  </ScalarVariable>
  <!-- Index of variable = "28" -->
  <ScalarVariable
    name="tail.Vdot_i"
    valueReference="27"
    description="Inlet flow rate"
    >
    <Real unit="m3/s"/>
  </ScalarVariable>
  <!-- Index of variable = "29" -->
  <ScalarVariable
    name="tail.m"
    valueReference="28"
    description="Water mass"
    >
    <Real min="0.0" unit="kg"/>
  </ScalarVariable>
  <!-- Index of variable = "30" -->
  <ScalarVariable
    name="tail.mdot"
    valueReference="29"
    description="Water mass flow rate"
    initial="exact">
    <Real start="0.0" unit="kg/s"/>
  </ScalarVariable>
  <!-- Index of variable = "31" -->
  <ScalarVariable
    name="tail.v"
    valueReference="30"
    description="Water velocity"
    initial="exact">
    <Real start="0.0" unit="m/s"/>
  </ScalarVariable>
  <!-- Index of variable = "32" -->
  <ScalarVariable
    name="u"
    valueReference="31"
    causality="input"
    >
    <Real start="0.0"/>
  </ScalarVariable>
  <!-- Index of variable = "33" -->
  <ScalarVariable
    name="_D_cse1"
    valueReference="32"
    variability="fixed"
    causality="calculatedParameter"
    >
    <Real/>
  </ScalarVariable>
  <!-- Index of variable = "34" -->
  <ScalarVariable
    name="constant1.k"
    valueReference="33"
    description="Constant output value"
    variability="fixed"
    causality="parameter"
    >
    <Real start="5.0"/>
  </ScalarVariable>
  <!-- Index of variable = "35" -->
  <ScalarVariable
    name="constant1.y"
    valueReference="34"
    description="Connector of Real output signal"
    variability="fixed"
    causality="calculatedParameter"
    >
    <Real/>
  </ScalarVariable>
  <!-- Index of variable = "36" -->
  <ScalarVariable
    name="data.M_a"
    valueReference="35"
    description="Molar mass of air at STP"
    variability="fixed"
    causality="parameter"
    >
    <Real start="0.02897" min="0.0" unit="kg/mol"/>
  </ScalarVariable>
  <!-- Index of variable = "37" -->
  <ScalarVariable
    name="data.T_0"
    valueReference="36"
    description="Initial water temperature"
    variability="fixed"
    causality="parameter"
    >
    <Real start="283.15" min="0.0" nominal="300.0" unit="K"/>
  </ScalarVariable>
  <!-- Index of variable = "38" -->
  <ScalarVariable
    name="data.Vdot_0"
    valueReference="37"
    description="Initial volume flow rate through the system"
    variability="fixed"
    causality="parameter"
    >
    <Real start="19.077" unit="m3/s"/>
  </ScalarVariable>
  <!-- Index of variable = "39" -->
  <ScalarVariable
    name="data.beta"
    valueReference="38"
    description="Water compressibility"
    variability="fixed"
    causality="parameter"
    >
    <Real start="4.5e-10" unit="1/Pa"/>
  </ScalarVariable>
  <!-- Index of variable = "40" -->
  <ScalarVariable
    name="data.beta_total"
    valueReference="39"
    description="Total compressibility"
    variability="fixed"
    causality="calculatedParameter"
    >
    <Real unit="1/Pa"/>
  </ScalarVariable>
  <!-- Index of variable = "41" -->
  <ScalarVariable
    name="data.c_p"
    valueReference="40"
    description="Heat capacity of water at T_0"
    variability="fixed"
    causality="parameter"
    >
    <Real start="4200.0" unit="J/(kg.K)"/>
  </ScalarVariable>
  <!-- Index of variable = "42" -->
  <ScalarVariable
    name="data.f_0"
    valueReference="41"
    description="Initial system frequency"
    variability="fixed"
    causality="parameter"
    >
    <Real start="50.0" unit="Hz"/>
  </ScalarVariable>
  <!-- Index of variable = "43" -->
  <ScalarVariable
    name="data.g"
    valueReference="42"
    description="Gravity constant"
    variability="fixed"
    causality="parameter"
    >
    <Real start="9.806649999999999" unit="m/s2"/>
  </ScalarVariable>
  <!-- Index of variable = "44" -->
  <ScalarVariable
    name="data.gamma_air"
    valueReference="43"
    description="Ratio of heat capacities at constant pressure (C_p) to constant volume (C_v) for air at STP"
    variability="fixed"
    causality="parameter"
    >
    <Real start="1.4"/>
  </ScalarVariable>
  <!-- Index of variable = "45" -->
  <ScalarVariable
    name="data.mu"
    valueReference="44"
    description="Dynamic viscosity of water at T_0"
    variability="fixed"
    causality="parameter"
    >
    <Real start="0.0013076" min="0.0" unit="Pa.s"/>
  </ScalarVariable>
  <!-- Index of variable = "46" -->
  <ScalarVariable
    name="data.p_a"
    valueReference="45"
    description="Atmospheric pressure"
    variability="fixed"
    causality="parameter"
    >
    <Real start="101300.0" unit="Pa"/>
  </ScalarVariable>
  <!-- Index of variable = "47" -->
  <ScalarVariable
    name="data.p_eps"
    valueReference="46"
    description="Pipe roughness height"
    variability="fixed"
    causality="parameter"
    >
    <Real start="0.05" min="0.0" unit="m"/>
  </ScalarVariable>
  <!-- Index of variable = "48" -->
  <ScalarVariable
    name="data.rho"
    valueReference="47"
    description="Water density at T_0"
    variability="fixed"
    causality="parameter"
    >
    <Real start="999.65" min="0.0" unit="kg/m3"/>
  </ScalarVariable>
  <!-- Index of variable = "49" -->
  <ScalarVariable
    name="intake.D_i"
    valueReference="48"
    description="Diameter of the inlet side"
    variability="fixed"
    causality="parameter"
    >
    <Real start="5.8" min="0.0" unit="m"/>
  </ScalarVariable>
  <!-- Index of variable = "50" -->
  <ScalarVariable
    name="intake.D_o"
    valueReference="49"
    description="Diameter of the outlet side"
    variability="fixed"
    causality="calculatedParameter"
    >
    <Real min="0.0" unit="m"/>
  </ScalarVariable>
  <!-- Index of variable = "51" -->
  <ScalarVariable
    name="intake.H"
    valueReference="50"
    description="Height difference from the inlet to the outlet"
    variability="fixed"
    causality="parameter"
    >
    <Real start="25.0" unit="m"/>
  </ScalarVariable>
  <!-- Index of variable = "52" -->
  <ScalarVariable
    name="intake.L"
    valueReference="51"
    description="Length of the pipe"
    variability="fixed"
    causality="parameter"
    >
    <Real start="6600.0" unit="m"/>
  </ScalarVariable>
  <!-- Index of variable = "53" -->
  <ScalarVariable
    name="intake.Vdot_0"
    valueReference="52"
    description="Initial flow rate in the pipe"
    variability="fixed"
    causality="calculatedParameter"
    >
    <Real unit="m3/s"/>
  </ScalarVariable>
  <!-- Index of variable = "54" -->
  <ScalarVariable
    name="intake.p_eps"
    valueReference="53"
    description="Pipe roughness height"
    variability="fixed"
    causality="calculatedParameter"
    >
    <Real min="0.0" unit="m"/>
  </ScalarVariable>
  <!-- Index of variable = "55" -->
  <ScalarVariable
    name="reservoir.L"
    valueReference="54"
    description="Length of the reservoir"
    variability="fixed"
    causality="parameter"
    >
    <Real start="500.0" unit="m"/>
  </ScalarVariable>
  <!-- Index of variable = "56" -->
  <ScalarVariable
    name="reservoir.W"
    valueReference="55"
    description="Bed width of the reservoir"
    variability="fixed"
    causality="parameter"
    >
    <Real start="100.0" unit="m"/>
  </ScalarVariable>
  <!-- Index of variable = "57" -->
  <ScalarVariable
    name="reservoir.alpha"
    valueReference="56"
    description="The angle of the reservoir walls (zero angle corresponds to vertical walls)"
    variability="fixed"
    causality="parameter"
    >
    <Real start="0.0" unit="rad"/>
  </ScalarVariable>
  <!-- Index of variable = "58" -->
  <ScalarVariable
    name="reservoir.f"
    valueReference="57"
    description="Friction factor of the reservoir"
    variability="fixed"
    causality="parameter"
    >
    <Real start="0.0008"/>
  </ScalarVariable>
  <!-- Index of variable = "59" -->
  <ScalarVariable
    name="reservoir.h_0"
    valueReference="58"
    description="Initial water level above intake"
    variability="fixed"
    causality="parameter"
    >
    <Real start="48.0" min="0.0" unit="m"/>
  </ScalarVariable>
  <!-- Index of variable = "60" -->
  <ScalarVariable
    name="tail.L"
    valueReference="59"
    description="Length of the reservoir"
    variability="fixed"
    causality="parameter"
    >
    <Real start="500.0" unit="m"/>
  </ScalarVariable>
  <!-- Index of variable = "61" -->
  <ScalarVariable
    name="tail.W"
    valueReference="60"
    description="Bed width of the reservoir"
    variability="fixed"
    causality="parameter"
    >
    <Real start="100.0" unit="m"/>
  </ScalarVariable>
  <!-- Index of variable = "62" -->
  <ScalarVariable
    name="tail.alpha"
    valueReference="61"
    description="The angle of the reservoir walls (zero angle corresponds to vertical walls)"
    variability="fixed"
    causality="parameter"
    >
    <Real start="0.0" unit="rad"/>
  </ScalarVariable>
  <!-- Index of variable = "63" -->
  <ScalarVariable
    name="tail.f"
    valueReference="62"
    description="Friction factor of the reservoir"
    variability="fixed"
    causality="parameter"
    >
    <Real start="0.0008"/>
  </ScalarVariable>
  <!-- Index of variable = "64" -->
  <ScalarVariable
    name="tail.h"
    valueReference="63"
    description="Water level"
    variability="fixed"
    causality="calculatedParameter"
    >
    <Real min="0.0" unit="m"/>
  </ScalarVariable>
  <!-- Index of variable = "65" -->
  <ScalarVariable
    name="tail.h_0"
    valueReference="64"
    description="Initial water level above intake"
    variability="fixed"
    causality="parameter"
    >
    <Real start="5.0" min="0.0" unit="m"/>
  </ScalarVariable>
  <!-- Index of variable = "66" -->
  <ScalarVariable
    name="tail.level"
    valueReference="65"
    description="Conditional input water level of the reservoir"
    variability="fixed"
    causality="calculatedParameter"
    >
    <Real/>
  </ScalarVariable>
  <!-- Index of variable = "67" -->
  <ScalarVariable
    name="intake.i.mdot"
    valueReference="11"
    description="Mass flow rate through the contact"
    >
    <Real unit="kg/s"/>
  </ScalarVariable>
  <!-- Index of variable = "68" -->
  <ScalarVariable
    name="intake.i.p"
    valueReference="12"
    description="Contact pressure"
    >
    <Real unit="Pa"/>
  </ScalarVariable>
  <!-- Index of variable = "69" -->
  <ScalarVariable
    name="intake.o.mdot"
    valueReference="68"
    description="Mass flow rate through the contact"
    >
    <Real unit="kg/s"/>
  </ScalarVariable>
  <!-- Index of variable = "70" -->
  <ScalarVariable
    name="intake.o.p"
    valueReference="13"
    description="Contact pressure"
    >
    <Real unit="Pa"/>
  </ScalarVariable>
  <!-- Index of variable = "71" -->
  <ScalarVariable
    name="reservoir.Vdot_o"
    valueReference="19"
    description="Outlet flow rate"
    >
    <Real unit="m3/s"/>
  </ScalarVariable>
  <!-- Index of variable = "72" -->
  <ScalarVariable
    name="reservoir.h"
    valueReference="31"
    description="Water level"
    >
    <Real min="0.0" unit="m"/>
  </ScalarVariable>
  <!-- Index of variable = "73" -->
  <ScalarVariable
    name="reservoir.level"
    valueReference="31"
    description="Conditional input water level of the reservoir"
    >
    <Real/>
  </ScalarVariable>
  <!-- Index of variable = "74" -->
  <ScalarVariable
    name="reservoir.o.mdot"
    valueReference="73"
    description="Mass flow rate through the contact"
    >
    <Real unit="kg/s"/>
  </ScalarVariable>
  <!-- Index of variable = "75" -->
  <ScalarVariable
    name="reservoir.o.p"
    valueReference="12"
    description="Contact pressure"
    >
    <Real unit="Pa"/>
  </ScalarVariable>
  <!-- Index of variable = "76" -->
  <ScalarVariable
    name="reservoir.p_o"
    valueReference="12"
    description="Outlet pressure"
    >
    <Real unit="Pa"/>
  </ScalarVariable>
  <!-- Index of variable = "77" -->
  <ScalarVariable
    name="tail.Vdot_o"
    valueReference="27"
    description="Outlet flow rate"
    >
    <Real unit="m3/s"/>
  </ScalarVariable>
  <!-- Index of variable = "78" -->
  <ScalarVariable
    name="tail.o.mdot"
    valueReference="11"
    description="Mass flow rate through the contact"
    >
    <Real unit="kg/s"/>
  </ScalarVariable>
  <!-- Index of variable = "79" -->
  <ScalarVariable
    name="tail.o.p"
    valueReference="13"
    description="Contact pressure"
    >
    <Real unit="Pa"/>
  </ScalarVariable>
  <!-- Index of variable = "80" -->
  <ScalarVariable
    name="tail.p_o"
    valueReference="13"
    description="Outlet pressure"
    >
    <Real unit="Pa"/>
  </ScalarVariable>
  <!-- Index of variable = "81" -->
  <ScalarVariable
    name="data.SteadyState"
    valueReference="0"
    description="If checked, simulation starts in steady state"
    variability="fixed"
    causality="parameter"
    >
    <Boolean start="false"/>
  </ScalarVariable>
  <!-- Index of variable = "82" -->
  <ScalarVariable
    name="data.TempUse"
    valueReference="1"
    description="If checked, the water temperature is not constant"
    variability="fixed"
    causality="calculatedParameter"
    >
    <Boolean/>
  </ScalarVariable>
  <!-- Index of variable = "83" -->
  <ScalarVariable
    name="intake.SteadyState"
    valueReference="2"
    description="If true, starts in steady state"
    variability="fixed"
    causality="calculatedParameter"
    >
    <Boolean/>
  </ScalarVariable>
  <!-- Index of variable = "84" -->
  <ScalarVariable
    name="intake.vertical"
    valueReference="3"
    description="Display vertical icon instead"
    variability="fixed"
    causality="parameter"
    >
    <Boolean start="false"/>
  </ScalarVariable>
  <!-- Index of variable = "85" -->
  <ScalarVariable
    name="reservoir.useInflow"
    valueReference="4"
    description="If checked, the &quot;inflow&quot; connector is used"
    variability="fixed"
    causality="calculatedParameter"
    >
    <Boolean/>
  </ScalarVariable>
  <!-- Index of variable = "86" -->
  <ScalarVariable
    name="reservoir.useLevel"
    valueReference="5"
    description="If checked, the &quot;level&quot; connector controls the water level of the reservoir"
    variability="fixed"
    causality="calculatedParameter"
    >
    <Boolean/>
  </ScalarVariable>
  <!-- Index of variable = "87" -->
  <ScalarVariable
    name="tail.useInflow"
    valueReference="6"
    description="If checked, the &quot;inflow&quot; connector is used"
    variability="fixed"
    causality="calculatedParameter"
    >
    <Boolean/>
  </ScalarVariable>
  <!-- Index of variable = "88" -->
  <ScalarVariable
    name="tail.useLevel"
    valueReference="7"
    description="If checked, the &quot;level&quot; connector controls the water level of the reservoir"
    variability="fixed"
    causality="calculatedParameter"
    >
    <Boolean/>
  </ScalarVariable>
  </ModelVariables>
  <ModelStructure>
    <Derivatives>
      <Unknown index="2" dependencies="1 32" dependenciesKind="dependent dependent" />
    </Derivatives>
    <InitialUnknowns>
      <Unknown index="1" dependencies="48 52" dependenciesKind="dependent dependent" />
      <Unknown index="2" dependencies="32 34 43 45 46 48 49 51 52" dependenciesKind="dependent dependent dependent dependent dependent dependent dependent dependent dependent" />
      <Unknown index="33" dependencies="57" dependenciesKind="dependent" />
      <Unknown index="35" dependencies="34" dependenciesKind="dependent" />
      <Unknown index="40" dependencies="48" dependenciesKind="dependent" />
      <Unknown index="50" dependencies="49" dependenciesKind="dependent" />
      <Unknown index="53" dependencies="38" dependenciesKind="dependent" />
      <Unknown index="54" dependencies="47" dependenciesKind="dependent" />
      <Unknown index="64" dependencies="34" dependenciesKind="dependent" />
      <Unknown index="66" dependencies="34" dependenciesKind="dependent" />
      <Unknown index="82" dependencies="" dependenciesKind="" />
      <Unknown index="83" dependencies="" dependenciesKind="" />
      <Unknown index="85" dependencies="" dependenciesKind="" />
      <Unknown index="86" dependencies="" dependenciesKind="" />
      <Unknown index="87" dependencies="" dependenciesKind="" />
      <Unknown index="88" dependencies="" dependenciesKind="" />
    </InitialUnknowns>
  </ModelStructure>
</fmiModelDescription>