{"format":"Transformational debugger info","version":1,
"info":{"name":"T2","description":"Model of a hydropower system with a simple turbine turbine"},
"variables":{
"intake.M":{"comment":"Water momentum","kind":"state","type":"Real","unit":"kg.m/s","displayUnit":"","source":{"info":{"file":"C:/Users/haugn/AppData/Roaming/.openmodelica/libraries/OpenHPL 2.0.1/Waterway/Pipe.mo","lineStart":33,"lineEnd":33,"colStart":3,"colEnd":33}}},
"der(intake.M)":{"comment":"der(Water momentum)","kind":"derivative","type":"Real","unit":"N","displayUnit":"","source":{"info":{"file":"C:/Users/haugn/AppData/Roaming/.openmodelica/libraries/OpenHPL 2.0.1/Waterway/Pipe.mo","lineStart":33,"lineEnd":33,"colStart":3,"colEnd":33}}},
"intake.A_":{"comment":"Average cross section area","kind":"variable","type":"Real","unit":"m2","displayUnit":"","source":{"info":{"file":"C:/Users/haugn/AppData/Roaming/.openmodelica/libraries/OpenHPL 2.0.1/Waterway/Pipe.mo","lineStart":29,"lineEnd":29,"colStart":3,"colEnd":60}}},
"intake.A_i":{"comment":"Inlet cross section area","kind":"variable","type":"Real","unit":"m2","displayUnit":"","source":{"info":{"file":"C:/Users/haugn/AppData/Roaming/.openmodelica/libraries/OpenHPL 2.0.1/Waterway/Pipe.mo","lineStart":27,"lineEnd":27,"colStart":3,"colEnd":60}}},
"intake.A_o":{"comment":"Outlet cross section area","kind":"variable","type":"Real","unit":"m2","displayUnit":"","source":{"info":{"file":"C:/Users/haugn/AppData/Roaming/.openmodelica/libraries/OpenHPL 2.0.1/Waterway/Pipe.mo","lineStart":28,"lineEnd":28,"colStart":3,"colEnd":61}}},
"intake.D_":{"comment":"Average diameter","kind":"variable","type":"Real","unit":"m","displayUnit":"","source":{"info":{"file":"C:/Users/haugn/AppData/Roaming/.openmodelica/libraries/OpenHPL 2.0.1/Waterway/Pipe.mo","lineStart":25,"lineEnd":25,"colStart":3,"colEnd":56}}},
"intake.F_f":{"comment":"Friction force","kind":"variable","type":"Real","unit":"N","displayUnit":"","source":{"info":{"file":"C:/Users/haugn/AppData/Roaming/.openmodelica/libraries/OpenHPL 2.0.1/Waterway/Pipe.mo","lineStart":32,"lineEnd":32,"colStart":3,"colEnd":32}}},
"intake.Vdot":{"comment":"Volume flow rate","kind":"variable","type":"Real","unit":"m3/s","displayUnit":"","source":{"info":{"file":"C:/Users/haugn/AppData/Roaming/.openmodelica/libraries/OpenHPL 2.0.1/Waterway/Pipe.mo","lineStart":37,"lineEnd":37,"colStart":3,"colEnd":60}}},
"intake.cos_theta":{"comment":"slope ratio","kind":"variable","type":"Real","unit":"","displayUnit":"","source":{"info":{"file":"C:/Users/haugn/AppData/Roaming/.openmodelica/libraries/OpenHPL 2.0.1/Waterway/Pipe.mo","lineStart":30,"lineEnd":30,"colStart":3,"colEnd":39}}},
"intake.dp":{"comment":"Pressure difference across the pipe","kind":"variable","type":"Real","unit":"Pa","displayUnit":"bar","source":{"info":{"file":"C:/Users/haugn/AppData/Roaming/.openmodelica/libraries/OpenHPL 2.0.1/Waterway/Pipe.mo","lineStart":36,"lineEnd":36,"colStart":3,"colEnd":63}}},
"intake.m":{"comment":"water mass","kind":"variable","type":"Real","unit":"kg","displayUnit":"","source":{"info":{"file":"C:/Users/haugn/AppData/Roaming/.openmodelica/libraries/OpenHPL 2.0.1/Waterway/Pipe.mo","lineStart":26,"lineEnd":26,"colStart":3,"colEnd":25}}},
"intake.mdot":{"comment":"Mass flow rate","kind":"variable","type":"Real","unit":"kg/s","displayUnit":"","source":{"info":{"file":"C:/Users/haugn/AppData/Roaming/.openmodelica/libraries/OpenHPL 2.0.1/Interfaces/ContactPort.mo","lineStart":3,"lineEnd":3,"colStart":3,"colEnd":40}}},
"intake.p_i":{"comment":"Inlet pressure","kind":"variable","type":"Real","unit":"Pa","displayUnit":"bar","source":{"info":{"file":"C:/Users/haugn/AppData/Roaming/.openmodelica/libraries/OpenHPL 2.0.1/Waterway/Pipe.mo","lineStart":34,"lineEnd":34,"colStart":3,"colEnd":35}}},
"intake.p_o":{"comment":"Outlet pressure","kind":"variable","type":"Real","unit":"Pa","displayUnit":"bar","source":{"info":{"file":"C:/Users/haugn/AppData/Roaming/.openmodelica/libraries/OpenHPL 2.0.1/Waterway/Pipe.mo","lineStart":35,"lineEnd":35,"colStart":3,"colEnd":36}}},
"intake.v":{"comment":"Water velocity","kind":"variable","type":"Real","unit":"m/s","displayUnit":"","source":{"info":{"file":"C:/Users/haugn/AppData/Roaming/.openmodelica/libraries/OpenHPL 2.0.1/Waterway/Pipe.mo","lineStart":31,"lineEnd":31,"colStart":3,"colEnd":33}}},
"reservoir.A":{"comment":"Vertical cross section","kind":"variable","type":"Real","unit":"m2","displayUnit":"","source":{"info":{"file":"C:/Users/haugn/AppData/Roaming/.openmodelica/libraries/OpenHPL 2.0.1/Waterway/Reservoir.mo","lineStart":27,"lineEnd":27,"colStart":3,"colEnd":37}}},
"reservoir.F_f":{"comment":"Friction force","kind":"variable","type":"Real","unit":"N","displayUnit":"","source":{"info":{"file":"C:/Users/haugn/AppData/Roaming/.openmodelica/libraries/OpenHPL 2.0.1/Waterway/Reservoir.mo","lineStart":35,"lineEnd":35,"colStart":3,"colEnd":32}}},
"reservoir.M":{"comment":"Water momentum","kind":"variable","type":"Real","unit":"kg.m/s","displayUnit":"","source":{"info":{"file":"C:/Users/haugn/AppData/Roaming/.openmodelica/libraries/OpenHPL 2.0.1/Waterway/Reservoir.mo","lineStart":34,"lineEnd":34,"colStart":3,"colEnd":33}}},
"reservoir.Vdot":{"comment":"Flow rate through the reservoir","kind":"variable","type":"Real","unit":"m3/s","displayUnit":"","source":{"info":{"file":"C:/Users/haugn/AppData/Roaming/.openmodelica/libraries/OpenHPL 2.0.1/Waterway/Reservoir.mo","lineStart":32,"lineEnd":32,"colStart":3,"colEnd":59}}},
"reservoir.Vdot_i":{"comment":"Inlet flow rate","kind":"variable","type":"Real","unit":"m3/s","displayUnit":"","source":{"info":{"file":"C:/Users/haugn/AppData/Roaming/.openmodelica/libraries/OpenHPL 2.0.1/Waterway/Reservoir.mo","lineStart":30,"lineEnd":30,"colStart":3,"colEnd":45}}},
"reservoir.m":{"comment":"Water mass","kind":"variable","type":"Real","unit":"kg","displayUnit":"","source":{"info":{"file":"C:/Users/haugn/AppData/Roaming/.openmodelica/libraries/OpenHPL 2.0.1/Waterway/Reservoir.mo","lineStart":28,"lineEnd":28,"colStart":3,"colEnd":25}}},
"reservoir.mdot":{"comment":"Water mass flow rate","kind":"variable","type":"Real","unit":"kg/s","displayUnit":"","source":{"info":{"file":"C:/Users/haugn/AppData/Roaming/.openmodelica/libraries/OpenHPL 2.0.1/Waterway/Reservoir.mo","lineStart":29,"lineEnd":29,"colStart":3,"colEnd":46}}},
"reservoir.v":{"comment":"Water velocity","kind":"variable","type":"Real","unit":"m/s","displayUnit":"","source":{"info":{"file":"C:/Users/haugn/AppData/Roaming/.openmodelica/libraries/OpenHPL 2.0.1/Waterway/Reservoir.mo","lineStart":33,"lineEnd":33,"colStart":3,"colEnd":33}}},
"tail.A":{"comment":"Vertical cross section","kind":"variable","type":"Real","unit":"m2","displayUnit":"","source":{"info":{"file":"C:/Users/haugn/AppData/Roaming/.openmodelica/libraries/OpenHPL 2.0.1/Waterway/Reservoir.mo","lineStart":27,"lineEnd":27,"colStart":3,"colEnd":37}}},
"tail.F_f":{"comment":"Friction force","kind":"variable","type":"Real","unit":"N","displayUnit":"","source":{"info":{"file":"C:/Users/haugn/AppData/Roaming/.openmodelica/libraries/OpenHPL 2.0.1/Waterway/Reservoir.mo","lineStart":35,"lineEnd":35,"colStart":3,"colEnd":32}}},
"tail.M":{"comment":"Water momentum","kind":"variable","type":"Real","unit":"kg.m/s","displayUnit":"","source":{"info":{"file":"C:/Users/haugn/AppData/Roaming/.openmodelica/libraries/OpenHPL 2.0.1/Waterway/Reservoir.mo","lineStart":34,"lineEnd":34,"colStart":3,"colEnd":33}}},
"tail.Vdot":{"comment":"Flow rate through the reservoir","kind":"variable","type":"Real","unit":"m3/s","displayUnit":"","source":{"info":{"file":"C:/Users/haugn/AppData/Roaming/.openmodelica/libraries/OpenHPL 2.0.1/Waterway/Reservoir.mo","lineStart":32,"lineEnd":32,"colStart":3,"colEnd":59}}},
"tail.Vdot_i":{"comment":"Inlet flow rate","kind":"variable","type":"Real","unit":"m3/s","displayUnit":"","source":{"info":{"file":"C:/Users/haugn/AppData/Roaming/.openmodelica/libraries/OpenHPL 2.0.1/Waterway/Reservoir.mo","lineStart":30,"lineEnd":30,"colStart":3,"colEnd":45}}},
"tail.m":{"comment":"Water mass","kind":"variable","type":"Real","unit":"kg","displayUnit":"","source":{"info":{"file":"C:/Users/haugn/AppData/Roaming/.openmodelica/libraries/OpenHPL 2.0.1/Waterway/Reservoir.mo","lineStart":28,"lineEnd":28,"colStart":3,"colEnd":25}}},
"tail.mdot":{"comment":"Water mass flow rate","kind":"variable","type":"Real","unit":"kg/s","displayUnit":"","source":{"info":{"file":"C:/Users/haugn/AppData/Roaming/.openmodelica/libraries/OpenHPL 2.0.1/Waterway/Reservoir.mo","lineStart":29,"lineEnd":29,"colStart":3,"colEnd":46}}},
"tail.v":{"comment":"Water velocity","kind":"variable","type":"Real","unit":"m/s","displayUnit":"","source":{"info":{"file":"C:/Users/haugn/AppData/Roaming/.openmodelica/libraries/OpenHPL 2.0.1/Waterway/Reservoir.mo","lineStart":33,"lineEnd":33,"colStart":3,"colEnd":33}}},
"u":{"comment":"","kind":"variable","type":"Real","unit":"","displayUnit":"","source":{"info":{"file":"T2","lineStart":4,"lineEnd":5,"colStart":1,"colEnd":203}}},
"u":{"comment":"","kind":"variable","type":"Real","unit":"","displayUnit":"","source":{"info":{"file":"T2","lineStart":4,"lineEnd":5,"colStart":1,"colEnd":203}}},
"$cse1":{"comment":"","kind":"parameter","type":"Real","unit":"","displayUnit":"","source":{"info":{"file":"","lineStart":0,"lineEnd":0,"colStart":0,"colEnd":0}}},
"constant1.k":{"comment":"Constant output value","kind":"parameter","type":"Real","unit":"","displayUnit":"","source":{"info":{"file":"C:/Users/haugn/AppData/Roaming/.openmodelica/libraries/Modelica 4.0.0+maint.om/Blocks/Sources.mo","lineStart":165,"lineEnd":166,"colStart":5,"colEnd":102}}},
"constant1.y":{"comment":"Connector of Real output signal","kind":"parameter","type":"Real","unit":"","displayUnit":"","source":{"info":{"file":"C:/Users/haugn/AppData/Roaming/.openmodelica/libraries/Modelica 4.0.0+maint.om/Blocks/Interfaces.mo","lineStart":300,"lineEnd":301,"colStart":5,"colEnd":56}}},
"data.M_a":{"comment":"Molar mass of air at STP","kind":"parameter","type":"Real","unit":"kg/mol","displayUnit":"","source":{"info":{"file":"C:/Users/haugn/AppData/Roaming/.openmodelica/libraries/OpenHPL 2.0.1/Data.mo","lineStart":10,"lineEnd":11,"colStart":3,"colEnd":45}}},
"data.T_0":{"comment":"Initial water temperature","kind":"parameter","type":"Real","unit":"K","displayUnit":"degC","source":{"info":{"file":"C:/Users/haugn/AppData/Roaming/.openmodelica/libraries/OpenHPL 2.0.1/Data.mo","lineStart":31,"lineEnd":32,"colStart":3,"colEnd":93}}},
"data.Vdot_0":{"comment":"Initial volume flow rate through the system","kind":"parameter","type":"Real","unit":"m3/s","displayUnit":"","source":{"info":{"file":"C:/Users/haugn/AppData/Roaming/.openmodelica/libraries/OpenHPL 2.0.1/Data.mo","lineStart":24,"lineEnd":25,"colStart":3,"colEnd":48}}},
"data.beta":{"comment":"Water compressibility","kind":"parameter","type":"Real","unit":"1/Pa","displayUnit":"","source":{"info":{"file":"C:/Users/haugn/AppData/Roaming/.openmodelica/libraries/OpenHPL 2.0.1/Data.mo","lineStart":18,"lineEnd":19,"colStart":3,"colEnd":55}}},
"data.beta_total":{"comment":"Total compressibility","kind":"parameter","type":"Real","unit":"1/Pa","displayUnit":"","source":{"info":{"file":"C:/Users/haugn/AppData/Roaming/.openmodelica/libraries/OpenHPL 2.0.1/Data.mo","lineStart":20,"lineEnd":21,"colStart":3,"colEnd":54}}},
"data.c_p":{"comment":"Heat capacity of water at T_0","kind":"parameter","type":"Real","unit":"J/(kg.K)","displayUnit":"","source":{"info":{"file":"C:/Users/haugn/AppData/Roaming/.openmodelica/libraries/OpenHPL 2.0.1/Data.mo","lineStart":33,"lineEnd":34,"colStart":3,"colEnd":93}}},
"data.f_0":{"comment":"Initial system frequency","kind":"parameter","type":"Real","unit":"Hz","displayUnit":"","source":{"info":{"file":"C:/Users/haugn/AppData/Roaming/.openmodelica/libraries/OpenHPL 2.0.1/Data.mo","lineStart":26,"lineEnd":27,"colStart":3,"colEnd":50}}},
"data.g":{"comment":"Gravity constant","kind":"parameter","type":"Real","unit":"m/s2","displayUnit":"","source":{"info":{"file":"C:/Users/haugn/AppData/Roaming/.openmodelica/libraries/OpenHPL 2.0.1/Data.mo","lineStart":4,"lineEnd":5,"colStart":3,"colEnd":59}}},
"data.gamma_air":{"comment":"Ratio of heat capacities at constant pressure (C_p) to constant volume (C_v) for air at STP","kind":"parameter","type":"Real","unit":"","displayUnit":"","source":{"info":{"file":"C:/Users/haugn/AppData/Roaming/.openmodelica/libraries/OpenHPL 2.0.1/Data.mo","lineStart":6,"lineEnd":7,"colStart":3,"colEnd":59}}},
"data.mu":{"comment":"Dynamic viscosity of water at T_0","kind":"parameter","type":"Real","unit":"Pa.s","displayUnit":"","source":{"info":{"file":"C:/Users/haugn/AppData/Roaming/.openmodelica/libraries/OpenHPL 2.0.1/Data.mo","lineStart":14,"lineEnd":15,"colStart":3,"colEnd":55}}},
"data.p_a":{"comment":"Atmospheric pressure","kind":"parameter","type":"Real","unit":"Pa","displayUnit":"bar","source":{"info":{"file":"C:/Users/haugn/AppData/Roaming/.openmodelica/libraries/OpenHPL 2.0.1/Data.mo","lineStart":8,"lineEnd":9,"colStart":3,"colEnd":45}}},
"data.p_eps":{"comment":"Pipe roughness height","kind":"parameter","type":"Real","unit":"m","displayUnit":"","source":{"info":{"file":"C:/Users/haugn/AppData/Roaming/.openmodelica/libraries/OpenHPL 2.0.1/Data.mo","lineStart":16,"lineEnd":17,"colStart":3,"colEnd":55}}},
"data.rho":{"comment":"Water density at T_0","kind":"parameter","type":"Real","unit":"kg/m3","displayUnit":"g/cm3","source":{"info":{"file":"C:/Users/haugn/AppData/Roaming/.openmodelica/libraries/OpenHPL 2.0.1/Data.mo","lineStart":12,"lineEnd":13,"colStart":3,"colEnd":55}}},
"intake.D_i":{"comment":"Diameter of the inlet side","kind":"parameter","type":"Real","unit":"m","displayUnit":"","source":{"info":{"file":"C:/Users/haugn/AppData/Roaming/.openmodelica/libraries/OpenHPL 2.0.1/Waterway/Pipe.mo","lineStart":11,"lineEnd":12,"colStart":3,"colEnd":32}}},
"intake.D_o":{"comment":"Diameter of the outlet side","kind":"parameter","type":"Real","unit":"m","displayUnit":"","source":{"info":{"file":"C:/Users/haugn/AppData/Roaming/.openmodelica/libraries/OpenHPL 2.0.1/Waterway/Pipe.mo","lineStart":13,"lineEnd":14,"colStart":3,"colEnd":32}}},
"intake.H":{"comment":"Height difference from the inlet to the outlet","kind":"parameter","type":"Real","unit":"m","displayUnit":"Mm","source":{"info":{"file":"C:/Users/haugn/AppData/Roaming/.openmodelica/libraries/OpenHPL 2.0.1/Waterway/Pipe.mo","lineStart":7,"lineEnd":8,"colStart":3,"colEnd":32}}},
"intake.L":{"comment":"Length of the pipe","kind":"parameter","type":"Real","unit":"m","displayUnit":"","source":{"info":{"file":"C:/Users/haugn/AppData/Roaming/.openmodelica/libraries/OpenHPL 2.0.1/Waterway/Pipe.mo","lineStart":9,"lineEnd":10,"colStart":3,"colEnd":32}}},
"intake.Vdot_0":{"comment":"Initial flow rate in the pipe","kind":"parameter","type":"Real","unit":"m3/s","displayUnit":"","source":{"info":{"file":"C:/Users/haugn/AppData/Roaming/.openmodelica/libraries/OpenHPL 2.0.1/Waterway/Pipe.mo","lineStart":20,"lineEnd":20,"colStart":3,"colEnd":125}}},
"intake.p_eps":{"comment":"Pipe roughness height","kind":"parameter","type":"Real","unit":"m","displayUnit":"","source":{"info":{"file":"C:/Users/haugn/AppData/Roaming/.openmodelica/libraries/OpenHPL 2.0.1/Waterway/Pipe.mo","lineStart":15,"lineEnd":16,"colStart":3,"colEnd":32}}},
"reservoir.L":{"comment":"Length of the reservoir","kind":"parameter","type":"Real","unit":"m","displayUnit":"","source":{"info":{"file":"C:/Users/haugn/AppData/Roaming/.openmodelica/libraries/OpenHPL 2.0.1/Waterway/Reservoir.mo","lineStart":14,"lineEnd":15,"colStart":3,"colEnd":30}}},
"reservoir.W":{"comment":"Bed width of the reservoir","kind":"parameter","type":"Real","unit":"m","displayUnit":"","source":{"info":{"file":"C:/Users/haugn/AppData/Roaming/.openmodelica/libraries/OpenHPL 2.0.1/Waterway/Reservoir.mo","lineStart":16,"lineEnd":17,"colStart":3,"colEnd":30}}},
"reservoir.alpha":{"comment":"The angle of the reservoir walls (zero angle corresponds to vertical walls)","kind":"parameter","type":"Real","unit":"rad","displayUnit":"deg","source":{"info":{"file":"C:/Users/haugn/AppData/Roaming/.openmodelica/libraries/OpenHPL 2.0.1/Waterway/Reservoir.mo","lineStart":18,"lineEnd":19,"colStart":3,"colEnd":32}}},
"reservoir.f":{"comment":"Friction factor of the reservoir","kind":"parameter","type":"Real","unit":"","displayUnit":"","source":{"info":{"file":"C:/Users/haugn/AppData/Roaming/.openmodelica/libraries/OpenHPL 2.0.1/Waterway/Reservoir.mo","lineStart":20,"lineEnd":21,"colStart":3,"colEnd":32}}},
"reservoir.h_0":{"comment":"Initial water level above intake","kind":"parameter","type":"Real","unit":"m","displayUnit":"","source":{"info":{"file":"C:/Users/haugn/AppData/Roaming/.openmodelica/libraries/OpenHPL 2.0.1/Waterway/Reservoir.mo","lineStart":12,"lineEnd":13,"colStart":3,"colEnd":60}}},
"tail.L":{"comment":"Length of the reservoir","kind":"parameter","type":"Real","unit":"m","displayUnit":"","source":{"info":{"file":"C:/Users/haugn/AppData/Roaming/.openmodelica/libraries/OpenHPL 2.0.1/Waterway/Reservoir.mo","lineStart":14,"lineEnd":15,"colStart":3,"colEnd":30}}},
"tail.W":{"comment":"Bed width of the reservoir","kind":"parameter","type":"Real","unit":"m","displayUnit":"","source":{"info":{"file":"C:/Users/haugn/AppData/Roaming/.openmodelica/libraries/OpenHPL 2.0.1/Waterway/Reservoir.mo","lineStart":16,"lineEnd":17,"colStart":3,"colEnd":30}}},
"tail.alpha":{"comment":"The angle of the reservoir walls (zero angle corresponds to vertical walls)","kind":"parameter","type":"Real","unit":"rad","displayUnit":"deg","source":{"info":{"file":"C:/Users/haugn/AppData/Roaming/.openmodelica/libraries/OpenHPL 2.0.1/Waterway/Reservoir.mo","lineStart":18,"lineEnd":19,"colStart":3,"colEnd":32}}},
"tail.f":{"comment":"Friction factor of the reservoir","kind":"parameter","type":"Real","unit":"","displayUnit":"","source":{"info":{"file":"C:/Users/haugn/AppData/Roaming/.openmodelica/libraries/OpenHPL 2.0.1/Waterway/Reservoir.mo","lineStart":20,"lineEnd":21,"colStart":3,"colEnd":32}}},
"tail.h":{"comment":"Water level","kind":"parameter","type":"Real","unit":"m","displayUnit":"","source":{"info":{"file":"C:/Users/haugn/AppData/Roaming/.openmodelica/libraries/OpenHPL 2.0.1/Waterway/Reservoir.mo","lineStart":36,"lineEnd":36,"colStart":3,"colEnd":28}}},
"tail.h_0":{"comment":"Initial water level above intake","kind":"parameter","type":"Real","unit":"m","displayUnit":"","source":{"info":{"file":"C:/Users/haugn/AppData/Roaming/.openmodelica/libraries/OpenHPL 2.0.1/Waterway/Reservoir.mo","lineStart":12,"lineEnd":13,"colStart":3,"colEnd":60}}},
"tail.level":{"comment":"Conditional input water level of the reservoir","kind":"parameter","type":"Real","unit":"","displayUnit":"","source":{"info":{"file":"C:/Users/haugn/AppData/Roaming/.openmodelica/libraries/OpenHPL 2.0.1/Waterway/Reservoir.mo","lineStart":43,"lineEnd":43,"colStart":3,"colEnd":192}}},
"data.SteadyState":{"comment":"If checked, simulation starts in steady state","kind":"parameter","type":"Boolean","unit":"","displayUnit":"","source":{"info":{"file":"C:/Users/haugn/AppData/Roaming/.openmodelica/libraries/OpenHPL 2.0.1/Data.mo","lineStart":22,"lineEnd":23,"colStart":3,"colEnd":74}}},
"data.TempUse":{"comment":"If checked, the water temperature is not constant","kind":"parameter","type":"Boolean","unit":"","displayUnit":"","source":{"info":{"file":"C:/Users/haugn/AppData/Roaming/.openmodelica/libraries/OpenHPL 2.0.1/Data.mo","lineStart":28,"lineEnd":30,"colStart":3,"colEnd":23}}},
"intake.SteadyState":{"comment":"If true, starts in steady state","kind":"parameter","type":"Boolean","unit":"","displayUnit":"","source":{"info":{"file":"C:/Users/haugn/AppData/Roaming/.openmodelica/libraries/OpenHPL 2.0.1/Waterway/Pipe.mo","lineStart":18,"lineEnd":18,"colStart":3,"colEnd":127}}},
"intake.vertical":{"comment":"Display vertical icon instead","kind":"parameter","type":"Boolean","unit":"","displayUnit":"","source":{"info":{"file":"C:/Users/haugn/AppData/Roaming/.openmodelica/libraries/OpenHPL 2.0.1/Icons/Pipe.mo","lineStart":3,"lineEnd":5,"colStart":3,"colEnd":30}}},
"reservoir.useInflow":{"comment":"If checked, the \"inflow\" connector is used","kind":"parameter","type":"Boolean","unit":"","displayUnit":"","source":{"info":{"file":"C:/Users/haugn/AppData/Roaming/.openmodelica/libraries/OpenHPL 2.0.1/Waterway/Reservoir.mo","lineStart":9,"lineEnd":11,"colStart":3,"colEnd":30}}},
"reservoir.useLevel":{"comment":"If checked, the \"level\" connector controls the water level of the reservoir","kind":"parameter","type":"Boolean","unit":"","displayUnit":"","source":{"info":{"file":"C:/Users/haugn/AppData/Roaming/.openmodelica/libraries/OpenHPL 2.0.1/Waterway/Reservoir.mo","lineStart":5,"lineEnd":8,"colStart":3,"colEnd":30}}},
"tail.useInflow":{"comment":"If checked, the \"inflow\" connector is used","kind":"parameter","type":"Boolean","unit":"","displayUnit":"","source":{"info":{"file":"C:/Users/haugn/AppData/Roaming/.openmodelica/libraries/OpenHPL 2.0.1/Waterway/Reservoir.mo","lineStart":9,"lineEnd":11,"colStart":3,"colEnd":30}}},
"tail.useLevel":{"comment":"If checked, the \"level\" connector controls the water level of the reservoir","kind":"parameter","type":"Boolean","unit":"","displayUnit":"","source":{"info":{"file":"C:/Users/haugn/AppData/Roaming/.openmodelica/libraries/OpenHPL 2.0.1/Waterway/Reservoir.mo","lineStart":5,"lineEnd":8,"colStart":3,"colEnd":30}}}
},
"equations":[{"eqIndex":0,"tag":"dummy"},
{"eqIndex":1,"section":"initial","tag":"assign","defines":["reservoir.v"],"uses":[],"equation":["0.0"],"source":{"info":{"file":"C:/Users/haugn/AppData/Roaming/.openmodelica/libraries/OpenHPL 2.0.1/Waterway/Reservoir.mo","lineStart":33,"lineEnd":33,"colStart":3,"colEnd":33}}},
{"eqIndex":2,"section":"initial","tag":"assign","defines":["reservoir.M"],"uses":[],"equation":["0.0"],"source":{"info":{"file":"C:/Users/haugn/AppData/Roaming/.openmodelica/libraries/OpenHPL 2.0.1/Waterway/Reservoir.mo","lineStart":34,"lineEnd":34,"colStart":3,"colEnd":33}}},
{"eqIndex":3,"section":"initial","tag":"assign","defines":["intake.p_o"],"uses":["constant1.k","data.rho","data.g","data.p_a"],"equation":["data.p_a + data.g * data.rho * constant1.k"],"source":{"info":{"file":"C:/Users/haugn/AppData/Roaming/.openmodelica/libraries/OpenHPL 2.0.1/Waterway/Pipe.mo","lineStart":35,"lineEnd":35,"colStart":3,"colEnd":36}}},
{"eqIndex":4,"section":"initial","tag":"assign","defines":["intake.D_"],"uses":["intake.D_o","intake.D_i"],"equation":["0.5 * (intake.D_i + intake.D_o)"],"source":{"info":{"file":"C:/Users/haugn/AppData/Roaming/.openmodelica/libraries/OpenHPL 2.0.1/Waterway/Pipe.mo","lineStart":25,"lineEnd":25,"colStart":3,"colEnd":56}}},
{"eqIndex":5,"section":"initial","tag":"assign","defines":["intake.A_"],"uses":["intake.D_"],"equation":["0.7853981633974483 * intake.D_ ^ 2.0"],"source":{"info":{"file":"C:/Users/haugn/AppData/Roaming/.openmodelica/libraries/OpenHPL 2.0.1/Waterway/Pipe.mo","lineStart":29,"lineEnd":29,"colStart":3,"colEnd":60}}},
{"eqIndex":6,"section":"initial","tag":"assign","defines":["intake.m"],"uses":["intake.L","intake.A_","data.rho"],"equation":["data.rho * intake.A_ * intake.L"],"source":{"info":{"file":"C:/Users/haugn/AppData/Roaming/.openmodelica/libraries/OpenHPL 2.0.1/Waterway/Pipe.mo","lineStart":26,"lineEnd":26,"colStart":3,"colEnd":25}}},
{"eqIndex":7,"section":"initial","tag":"assign","defines":["intake.A_i"],"uses":["intake.D_i"],"equation":["0.7853981633974483 * intake.D_i ^ 2.0"],"source":{"info":{"file":"C:/Users/haugn/AppData/Roaming/.openmodelica/libraries/OpenHPL 2.0.1/Waterway/Pipe.mo","lineStart":27,"lineEnd":27,"colStart":3,"colEnd":60}}},
{"eqIndex":8,"section":"initial","tag":"assign","defines":["intake.A_o"],"uses":["intake.D_o"],"equation":["0.7853981633974483 * intake.D_o ^ 2.0"],"source":{"info":{"file":"C:/Users/haugn/AppData/Roaming/.openmodelica/libraries/OpenHPL 2.0.1/Waterway/Pipe.mo","lineStart":28,"lineEnd":28,"colStart":3,"colEnd":61}}},
{"eqIndex":9,"section":"initial","tag":"assign","defines":["intake.cos_theta"],"uses":["intake.L","intake.H"],"equation":["intake.H / intake.L"],"source":{"info":{"file":"C:/Users/haugn/AppData/Roaming/.openmodelica/libraries/OpenHPL 2.0.1/Waterway/Pipe.mo","lineStart":30,"lineEnd":30,"colStart":3,"colEnd":39}}},
{"eqIndex":10,"tag":"alias","equation":[36],"section":"initial"},
{"eqIndex":11,"tag":"alias","equation":[37],"section":"initial"},
{"eqIndex":12,"section":"initial","tag":"assign","defines":["intake.Vdot"],"uses":["intake.Vdot_0"],"equation":["intake.Vdot_0"],"source":{"info":{"file":"","lineStart":0,"lineEnd":0,"colStart":0,"colEnd":0}}},
{"eqIndex":13,"section":"initial","tag":"assign","defines":["intake.M"],"uses":["intake.Vdot","intake.L","data.rho"],"equation":["data.rho * intake.L * intake.Vdot"],"source":{"info":{"file":"C:/Users/haugn/AppData/Roaming/.openmodelica/libraries/OpenHPL 2.0.1/Waterway/Pipe.mo","lineStart":54,"lineEnd":54,"colStart":3,"colEnd":26}}},
{"eqIndex":14,"tag":"alias","equation":[39],"section":"initial"},
{"eqIndex":15,"tag":"alias","equation":[40],"section":"initial"},
{"eqIndex":16,"tag":"alias","equation":[44],"section":"initial"},
{"eqIndex":17,"tag":"alias","equation":[41],"section":"initial"},
{"eqIndex":18,"tag":"alias","equation":[42],"section":"initial"},
{"eqIndex":19,"tag":"alias","equation":[43],"section":"initial"},
{"eqIndex":20,"section":"initial","tag":"assign","defines":["tail.A"],"uses":["tail.alpha","tail.W","constant1.k"],"equation":["constant1.k * (tail.W + constant1.k * tan(tail.alpha))"],"source":{"info":{"file":"C:/Users/haugn/AppData/Roaming/.openmodelica/libraries/OpenHPL 2.0.1/Waterway/Reservoir.mo","lineStart":27,"lineEnd":27,"colStart":3,"colEnd":37}}},
{"eqIndex":21,"section":"initial","tag":"assign","defines":["tail.m"],"uses":["tail.L","tail.A","data.rho"],"equation":["data.rho * tail.A * tail.L"],"source":{"info":{"file":"C:/Users/haugn/AppData/Roaming/.openmodelica/libraries/OpenHPL 2.0.1/Waterway/Reservoir.mo","lineStart":28,"lineEnd":28,"colStart":3,"colEnd":25}}},
{"eqIndex":22,"section":"initial","tag":"assign","defines":["tail.v"],"uses":[],"equation":["0.0"],"source":{"info":{"file":"C:/Users/haugn/AppData/Roaming/.openmodelica/libraries/OpenHPL 2.0.1/Waterway/Reservoir.mo","lineStart":33,"lineEnd":33,"colStart":3,"colEnd":33}}},
{"eqIndex":23,"section":"initial","tag":"assign","defines":["tail.M"],"uses":[],"equation":["0.0"],"source":{"info":{"file":"C:/Users/haugn/AppData/Roaming/.openmodelica/libraries/OpenHPL 2.0.1/Waterway/Reservoir.mo","lineStart":34,"lineEnd":34,"colStart":3,"colEnd":33}}},
{"eqIndex":24,"section":"initial","tag":"assign","defines":["tail.mdot"],"uses":[],"equation":["0.0"],"source":{"info":{"file":"C:/Users/haugn/AppData/Roaming/.openmodelica/libraries/OpenHPL 2.0.1/Waterway/Reservoir.mo","lineStart":29,"lineEnd":29,"colStart":3,"colEnd":46}}},
{"eqIndex":25,"section":"initial","tag":"assign","defines":["reservoir.mdot"],"uses":[],"equation":["0.0"],"source":{"info":{"file":"C:/Users/haugn/AppData/Roaming/.openmodelica/libraries/OpenHPL 2.0.1/Waterway/Reservoir.mo","lineStart":29,"lineEnd":29,"colStart":3,"colEnd":46}}},
{"eqIndex":26,"section":"initial","tag":"assign","defines":["reservoir.Vdot"],"uses":[],"equation":["0.0"],"source":{"info":{"file":"C:/Users/haugn/AppData/Roaming/.openmodelica/libraries/OpenHPL 2.0.1/Waterway/Reservoir.mo","lineStart":32,"lineEnd":32,"colStart":3,"colEnd":59}}},
{"eqIndex":27,"section":"initial","tag":"assign","defines":["tail.Vdot"],"uses":[],"equation":["0.0"],"source":{"info":{"file":"C:/Users/haugn/AppData/Roaming/.openmodelica/libraries/OpenHPL 2.0.1/Waterway/Reservoir.mo","lineStart":32,"lineEnd":32,"colStart":3,"colEnd":59}}},
{"eqIndex":28,"section":"initial","tag":"assign","defines":["reservoir.A"],"uses":["reservoir.alpha","reservoir.W","u"],"equation":["u * (reservoir.W + u * tan(reservoir.alpha))"],"source":{"info":{"file":"C:/Users/haugn/AppData/Roaming/.openmodelica/libraries/OpenHPL 2.0.1/Waterway/Reservoir.mo","lineStart":50,"lineEnd":51,"colStart":3,"colEnd":46}}},
{"eqIndex":29,"tag":"alias","equation":[35],"section":"initial"},
{"eqIndex":30,"tag":"alias","equation":[33],"section":"initial"},
{"eqIndex":31,"tag":"alias","equation":[32],"section":"initial"},
{"eqIndex":32,"section":"regular","tag":"assign","defines":["tail.F_f"],"uses":[],"equation":["0.0"],"source":{"info":{"file":"","lineStart":0,"lineEnd":0,"colStart":0,"colEnd":0}}},
{"eqIndex":33,"section":"regular","tag":"assign","defines":["reservoir.F_f"],"uses":[],"equation":["0.0"],"source":{"info":{"file":"","lineStart":0,"lineEnd":0,"colStart":0,"colEnd":0}}},
{"eqIndex":34,"section":"regular","tag":"assign","defines":["reservoir.A"],"uses":["$cse1","reservoir.W","u"],"equation":["u * (reservoir.W + u * $cse1)"],"source":{"info":{"file":"C:/Users/haugn/AppData/Roaming/.openmodelica/libraries/OpenHPL 2.0.1/Waterway/Reservoir.mo","lineStart":50,"lineEnd":51,"colStart":3,"colEnd":46}}},
{"eqIndex":35,"section":"regular","tag":"assign","defines":["reservoir.m"],"uses":["reservoir.L","reservoir.A","data.rho"],"equation":["data.rho * reservoir.A * reservoir.L"],"source":{"info":{"file":"C:/Users/haugn/AppData/Roaming/.openmodelica/libraries/OpenHPL 2.0.1/Waterway/Reservoir.mo","lineStart":52,"lineEnd":52,"colStart":3,"colEnd":48}}},
{"eqIndex":36,"section":"regular","tag":"assign","defines":["intake.p_i"],"uses":["u","data.rho","data.g","data.p_a"],"equation":["data.p_a + data.g * data.rho * u"],"source":{"info":{"file":"C:/Users/haugn/AppData/Roaming/.openmodelica/libraries/OpenHPL 2.0.1/Waterway/Reservoir.mo","lineStart":61,"lineEnd":61,"colStart":5,"colEnd":39}}},
{"eqIndex":37,"section":"regular","tag":"assign","defines":["intake.dp"],"uses":["intake.p_i","intake.p_o"],"equation":["intake.p_o - intake.p_i"],"source":{"info":{"file":"C:/Users/haugn/AppData/Roaming/.openmodelica/libraries/OpenHPL 2.0.1/Waterway/Pipe.mo","lineStart":36,"lineEnd":36,"colStart":3,"colEnd":63}}},
{"eqIndex":38,"section":"regular","tag":"assign","defines":["intake.Vdot"],"uses":["intake.L","data.rho","intake.M"],"equation":["intake.M / (data.rho * intake.L)"],"source":{"info":{"file":"C:/Users/haugn/AppData/Roaming/.openmodelica/libraries/OpenHPL 2.0.1/Waterway/Pipe.mo","lineStart":54,"lineEnd":54,"colStart":3,"colEnd":26}}},
{"eqIndex":39,"section":"regular","tag":"assign","defines":["intake.v"],"uses":["intake.A_","intake.Vdot"],"equation":["intake.Vdot / intake.A_"],"source":{"info":{"file":"C:/Users/haugn/AppData/Roaming/.openmodelica/libraries/OpenHPL 2.0.1/Waterway/Pipe.mo","lineStart":52,"lineEnd":52,"colStart":3,"colEnd":16}}},
{"eqIndex":40,"section":"regular","tag":"assign","defines":["intake.F_f"],"uses":["intake.p_eps","data.mu","data.rho","intake.L","intake.D_","intake.v"],"equation":["OpenHPL.Functions.DarcyFriction.Friction(intake.v, intake.D_, intake.L, data.rho, data.mu, intake.p_eps)"],"source":{"info":{"file":"","lineStart":0,"lineEnd":0,"colStart":0,"colEnd":0}}},
{"eqIndex":41,"section":"regular","tag":"assign","defines":["intake.mdot"],"uses":["data.rho","intake.Vdot"],"equation":["intake.Vdot * data.rho"],"source":{"info":{"file":"C:/Users/haugn/AppData/Roaming/.openmodelica/libraries/OpenHPL 2.0.1/Waterway/Pipe.mo","lineStart":50,"lineEnd":50,"colStart":3,"colEnd":25}}},
{"eqIndex":42,"section":"regular","tag":"assign","defines":["tail.Vdot_i"],"uses":["data.rho","intake.mdot"],"equation":["(-intake.mdot) / data.rho"],"source":{"info":{"file":"C:/Users/haugn/AppData/Roaming/.openmodelica/libraries/OpenHPL 2.0.1/Waterway/Reservoir.mo","lineStart":71,"lineEnd":71,"colStart":4,"colEnd":55}}},
{"eqIndex":43,"section":"regular","tag":"assign","defines":["reservoir.Vdot_i"],"uses":["data.rho","intake.mdot"],"equation":["intake.mdot / data.rho"],"source":{"info":{"file":"C:/Users/haugn/AppData/Roaming/.openmodelica/libraries/OpenHPL 2.0.1/Waterway/Reservoir.mo","lineStart":71,"lineEnd":71,"colStart":4,"colEnd":55}}},
{"eqIndex":44,"section":"regular","tag":"assign","defines":["der(intake.M)"],"uses":["intake.p_o","intake.F_f","intake.cos_theta","data.g","intake.m","intake.p_i","intake.A_o","intake.A_i","intake.Vdot","data.rho"],"equation":["data.rho * intake.Vdot ^ 2.0 * (1.0 / intake.A_i + (-1.0) / intake.A_o) + intake.p_i * intake.A_i + intake.m * data.g * intake.cos_theta - intake.F_f - intake.p_o * intake.A_o"],"source":{"info":{"file":"C:/Users/haugn/AppData/Roaming/.openmodelica/libraries/OpenHPL 2.0.1/Waterway/Pipe.mo","lineStart":59,"lineEnd":59,"colStart":3,"colEnd":108}}},
{"eqIndex":45,"section":"start","tag":"assign","defines":["$START.intake.Vdot"],"uses":["intake.Vdot_0"],"equation":["intake.Vdot_0"],"source":{"info":{"file":"C:/Users/haugn/AppData/Roaming/.openmodelica/libraries/OpenHPL 2.0.1/Waterway/Pipe.mo","lineStart":37,"lineEnd":37,"colStart":3,"colEnd":60}}},
{"eqIndex":46,"section":"parameter","tag":"assign","defines":["$cse1"],"uses":["reservoir.alpha"],"equation":["tan(reservoir.alpha)"],"source":{"info":{"file":"","lineStart":0,"lineEnd":0,"colStart":0,"colEnd":0}}},
{"eqIndex":47,"section":"parameter","tag":"assign","defines":["tail.h"],"uses":["constant1.k"],"equation":["constant1.k"],"source":{"info":{"file":"C:/Users/haugn/AppData/Roaming/.openmodelica/libraries/OpenHPL 2.0.1/Waterway/Reservoir.mo","lineStart":36,"lineEnd":36,"colStart":3,"colEnd":28}}},
{"eqIndex":48,"section":"parameter","tag":"assign","defines":["tail.level"],"uses":["constant1.k"],"equation":["constant1.k"],"source":{"info":{"file":"C:/Users/haugn/AppData/Roaming/.openmodelica/libraries/OpenHPL 2.0.1/Waterway/Reservoir.mo","lineStart":43,"lineEnd":43,"colStart":3,"colEnd":192}}},
{"eqIndex":49,"section":"parameter","tag":"assign","defines":["constant1.y"],"uses":["constant1.k"],"equation":["constant1.k"],"source":{"info":{"file":"C:/Users/haugn/AppData/Roaming/.openmodelica/libraries/Modelica 4.0.0+maint.om/Blocks/Interfaces.mo","lineStart":300,"lineEnd":301,"colStart":5,"colEnd":56}}},
{"eqIndex":50,"section":"parameter","tag":"assign","defines":["tail.useInflow"],"uses":[],"equation":["false"],"source":{"info":{"file":"C:/Users/haugn/AppData/Roaming/.openmodelica/libraries/OpenHPL 2.0.1/Waterway/Reservoir.mo","lineStart":9,"lineEnd":11,"colStart":3,"colEnd":30}}},
{"eqIndex":51,"section":"parameter","tag":"assign","defines":["tail.useLevel"],"uses":[],"equation":["true"],"source":{"info":{"file":"C:/Users/haugn/AppData/Roaming/.openmodelica/libraries/OpenHPL 2.0.1/Waterway/Reservoir.mo","lineStart":5,"lineEnd":8,"colStart":3,"colEnd":30}}},
{"eqIndex":52,"section":"parameter","tag":"assign","defines":["intake.Vdot_0"],"uses":["data.Vdot_0"],"equation":["data.Vdot_0"],"source":{"info":{"file":"C:/Users/haugn/AppData/Roaming/.openmodelica/libraries/OpenHPL 2.0.1/Waterway/Pipe.mo","lineStart":20,"lineEnd":20,"colStart":3,"colEnd":125}}},
{"eqIndex":53,"section":"parameter","tag":"assign","defines":["intake.SteadyState"],"uses":[],"equation":["false"],"source":{"info":{"file":"C:/Users/haugn/AppData/Roaming/.openmodelica/libraries/OpenHPL 2.0.1/Waterway/Pipe.mo","lineStart":18,"lineEnd":18,"colStart":3,"colEnd":127}}},
{"eqIndex":54,"section":"parameter","tag":"assign","defines":["intake.p_eps"],"uses":["data.p_eps"],"equation":["data.p_eps"],"source":{"info":{"file":"C:/Users/haugn/AppData/Roaming/.openmodelica/libraries/OpenHPL 2.0.1/Waterway/Pipe.mo","lineStart":15,"lineEnd":16,"colStart":3,"colEnd":32}}},
{"eqIndex":55,"section":"parameter","tag":"assign","defines":["intake.D_o"],"uses":["intake.D_i"],"equation":["intake.D_i"],"source":{"info":{"file":"C:/Users/haugn/AppData/Roaming/.openmodelica/libraries/OpenHPL 2.0.1/Waterway/Pipe.mo","lineStart":13,"lineEnd":14,"colStart":3,"colEnd":32}}},
{"eqIndex":56,"section":"parameter","tag":"assign","defines":["reservoir.useInflow"],"uses":[],"equation":["false"],"source":{"info":{"file":"C:/Users/haugn/AppData/Roaming/.openmodelica/libraries/OpenHPL 2.0.1/Waterway/Reservoir.mo","lineStart":9,"lineEnd":11,"colStart":3,"colEnd":30}}},
{"eqIndex":57,"section":"parameter","tag":"assign","defines":["reservoir.useLevel"],"uses":[],"equation":["true"],"source":{"info":{"file":"C:/Users/haugn/AppData/Roaming/.openmodelica/libraries/OpenHPL 2.0.1/Waterway/Reservoir.mo","lineStart":5,"lineEnd":8,"colStart":3,"colEnd":30}}},
{"eqIndex":58,"section":"parameter","tag":"assign","defines":["data.TempUse"],"uses":[],"equation":["false"],"source":{"info":{"file":"C:/Users/haugn/AppData/Roaming/.openmodelica/libraries/OpenHPL 2.0.1/Data.mo","lineStart":28,"lineEnd":30,"colStart":3,"colEnd":23}}},
{"eqIndex":59,"section":"parameter","tag":"assign","defines":["data.beta_total"],"uses":["data.rho"],"equation":["1e-06 / data.rho"],"source":{"info":{"file":"C:/Users/haugn/AppData/Roaming/.openmodelica/libraries/OpenHPL 2.0.1/Data.mo","lineStart":20,"lineEnd":21,"colStart":3,"colEnd":54}}},
{"eqIndex":60,"tag":"alias","equation":[9],"section":"parameter"},
{"eqIndex":61,"tag":"alias","equation":[8],"section":"parameter"},
{"eqIndex":62,"tag":"alias","equation":[7],"section":"parameter"},
{"eqIndex":63,"tag":"alias","equation":[4],"section":"parameter"},
{"eqIndex":64,"tag":"alias","equation":[27],"section":"parameter"},
{"eqIndex":65,"tag":"alias","equation":[26],"section":"parameter"},
{"eqIndex":66,"tag":"alias","equation":[25],"section":"parameter"},
{"eqIndex":67,"tag":"alias","equation":[20],"section":"parameter"},
{"eqIndex":68,"tag":"alias","equation":[24],"section":"parameter"},
{"eqIndex":69,"tag":"alias","equation":[3],"section":"parameter"},
{"eqIndex":70,"tag":"alias","equation":[5],"section":"parameter"},
{"eqIndex":71,"tag":"alias","equation":[23],"section":"parameter"},
{"eqIndex":72,"tag":"alias","equation":[22],"section":"parameter"},
{"eqIndex":73,"tag":"alias","equation":[21],"section":"parameter"},
{"eqIndex":74,"tag":"alias","equation":[6],"section":"parameter"},
{"eqIndex":75,"tag":"alias","equation":[2],"section":"parameter"},
{"eqIndex":76,"tag":"alias","equation":[1],"section":"parameter"},
{"eqIndex":77,"section":"parameter","tag":"algorithm","equation":["assert(tail.h >= 0.0, \"Variable violating min constraint: 0.0 <= tail.h, has value: \" + String(tail.h, \"g\"));"],"source":{"info":{"file":"C:/Users/haugn/AppData/Roaming/.openmodelica/libraries/OpenHPL 2.0.1/Waterway/Reservoir.mo","lineStart":36,"lineEnd":36,"colStart":3,"colEnd":28}}},
{"eqIndex":78,"section":"parameter","tag":"algorithm","equation":["assert(tail.h_0 >= 0.0, \"Variable violating min constraint: 0.0 <= tail.h_0, has value: \" + String(tail.h_0, \"g\"));"],"source":{"info":{"file":"C:/Users/haugn/AppData/Roaming/.openmodelica/libraries/OpenHPL 2.0.1/Waterway/Reservoir.mo","lineStart":12,"lineEnd":13,"colStart":3,"colEnd":60}}},
{"eqIndex":79,"section":"parameter","tag":"algorithm","equation":["assert(data.p_eps >= 0.0, \"Variable violating min constraint: 0.0 <= data.p_eps, has value: \" + String(data.p_eps, \"g\"));"],"source":{"info":{"file":"C:/Users/haugn/AppData/Roaming/.openmodelica/libraries/OpenHPL 2.0.1/Data.mo","lineStart":16,"lineEnd":17,"colStart":3,"colEnd":55}}},
{"eqIndex":80,"section":"parameter","tag":"algorithm","equation":["assert(intake.p_eps >= 0.0, \"Variable violating min constraint: 0.0 <= intake.p_eps, has value: \" + String(intake.p_eps, \"g\"));"],"source":{"info":{"file":"C:/Users/haugn/AppData/Roaming/.openmodelica/libraries/OpenHPL 2.0.1/Waterway/Pipe.mo","lineStart":15,"lineEnd":16,"colStart":3,"colEnd":32}}},
{"eqIndex":81,"section":"parameter","tag":"algorithm","equation":["assert(intake.D_i >= 0.0, \"Variable violating min constraint: 0.0 <= intake.D_i, has value: \" + String(intake.D_i, \"g\"));"],"source":{"info":{"file":"C:/Users/haugn/AppData/Roaming/.openmodelica/libraries/OpenHPL 2.0.1/Waterway/Pipe.mo","lineStart":11,"lineEnd":12,"colStart":3,"colEnd":32}}},
{"eqIndex":82,"section":"parameter","tag":"algorithm","equation":["assert(intake.D_o >= 0.0, \"Variable violating min constraint: 0.0 <= intake.D_o, has value: \" + String(intake.D_o, \"g\"));"],"source":{"info":{"file":"C:/Users/haugn/AppData/Roaming/.openmodelica/libraries/OpenHPL 2.0.1/Waterway/Pipe.mo","lineStart":13,"lineEnd":14,"colStart":3,"colEnd":32}}},
{"eqIndex":83,"section":"parameter","tag":"algorithm","equation":["assert(reservoir.h_0 >= 0.0, \"Variable violating min constraint: 0.0 <= reservoir.h_0, has value: \" + String(reservoir.h_0, \"g\"));"],"source":{"info":{"file":"C:/Users/haugn/AppData/Roaming/.openmodelica/libraries/OpenHPL 2.0.1/Waterway/Reservoir.mo","lineStart":12,"lineEnd":13,"colStart":3,"colEnd":60}}},
{"eqIndex":84,"section":"parameter","tag":"algorithm","equation":["assert(data.T_0 >= 0.0, \"Variable violating min constraint: 0.0 <= data.T_0, has value: \" + String(data.T_0, \"g\"));"],"source":{"info":{"file":"C:/Users/haugn/AppData/Roaming/.openmodelica/libraries/OpenHPL 2.0.1/Data.mo","lineStart":31,"lineEnd":32,"colStart":3,"colEnd":93}}},
{"eqIndex":85,"section":"parameter","tag":"algorithm","equation":["assert(data.rho >= 0.0, \"Variable violating min constraint: 0.0 <= data.rho, has value: \" + String(data.rho, \"g\"));"],"source":{"info":{"file":"C:/Users/haugn/AppData/Roaming/.openmodelica/libraries/OpenHPL 2.0.1/Data.mo","lineStart":12,"lineEnd":13,"colStart":3,"colEnd":55}}},
{"eqIndex":86,"section":"parameter","tag":"algorithm","equation":["assert(data.mu >= 0.0, \"Variable violating min constraint: 0.0 <= data.mu, has value: \" + String(data.mu, \"g\"));"],"source":{"info":{"file":"C:/Users/haugn/AppData/Roaming/.openmodelica/libraries/OpenHPL 2.0.1/Data.mo","lineStart":14,"lineEnd":15,"colStart":3,"colEnd":55}}},
{"eqIndex":87,"section":"parameter","tag":"algorithm","equation":["assert(data.M_a >= 0.0, \"Variable violating min constraint: 0.0 <= data.M_a, has value: \" + String(data.M_a, \"g\"));"],"source":{"info":{"file":"C:/Users/haugn/AppData/Roaming/.openmodelica/libraries/OpenHPL 2.0.1/Data.mo","lineStart":10,"lineEnd":11,"colStart":3,"colEnd":45}}},
{"eqIndex":88,"section":"assertions","tag":"algorithm","equation":["assert(reservoir.m >= 0.0, \"Variable violating min constraint: 0.0 <= reservoir.m, has value: \" + String(reservoir.m, \"g\"));"],"source":{"info":{"file":"C:/Users/haugn/AppData/Roaming/.openmodelica/libraries/OpenHPL 2.0.1/Waterway/Reservoir.mo","lineStart":28,"lineEnd":28,"colStart":3,"colEnd":25}}}
],
"functions":[
"Modelica.Math.Matrices.inv",
"Modelica.Math.Matrices.LAPACK.dgetrf",
"Modelica.Math.Matrices.LAPACK.dgetri",
"OpenHPL.Functions.DarcyFriction.Friction",
"OpenHPL.Functions.DarcyFriction.fDarcy"
]
}